{"cameraMode":{"drawMode":0,"name":"Shaded","section":"Shading Mode"},"sceneLighting":true,"audioPlay":false,"sceneViewState":{"showFog":true,"showMaterialUpdate":false,"showSkybox":true,"showFlares":true,"showImageEffects":true,"showParticleSystems":true},"in2DMode":false,"pivot":{"x":-32.35222244262695,"y":-1.3109873533248902,"z":1.6566592454910279},"rotation":{"x":-0.1648409217596054,"y":0.2803693115711212,"z":-0.04893552139401436,"w":-0.944365382194519},"size":12.372679710388184,"orthographic":false}